,y,y_dummy,y_hat
2016-01-01,127.0,202.81213237254633,127.30850145393862
2016-01-02,129.0,202.782442874848,127.90971015281544
2016-01-03,148.0,202.75355389956425,124.36865467524945
2016-01-04,134.0,202.73211974262563,128.62938324607376
2016-01-05,154.0,202.70521871728607,136.65144175962683
2016-01-06,145.0,202.68615973911454,136.86310354383673
2016-01-07,165.0,202.66359081902883,132.7086826893554
2016-01-08,161.0,202.6488583367996,134.27897215190617
2016-01-09,128.0,202.63257016380905,141.7100078926958
2016-01-10,117.0,202.60338831819269,143.29735791639743
2016-01-11,117.0,202.5699233501246,133.84668373693842
2016-01-12,116.0,202.53647800193227,139.19968728917777
2016-01-13,141.0,202.50266148063412,127.44742391256867
2016-01-14,151.0,202.47863231029595,137.13831221692388
2016-01-15,168.0,202.45852346954973,149.87229986680623
2016-01-16,132.0,202.44506573728276,141.01362602536037
2016-01-17,96.0,202.41755887834591,145.6986568723335
2016-01-18,114.0,202.37601386219194,140.6326878976339
2016-01-19,138.0,202.34151893094207,137.9354445614763
2016-01-20,160.0,202.31641004550562,135.1338057038866
2016-01-21,154.0,202.2998995460731,146.79094186330497
2016-01-22,175.0,202.28105815752383,142.1420868920327
2016-01-23,176.0,202.27041811924087,140.23169984430498
2016-01-24,140.0,202.260174243975,137.06938248897006
2016-01-25,164.0,202.2359012715602,136.84952394319666
2016-01-26,123.0,202.2209973926783,141.21843578445345
2016-01-27,153.0,202.19012404996877,143.27349805425666
2016-01-28,164.0,202.1709578220124,138.49912667307086
2016-01-29,171.0,202.15608795141563,141.7729808027122
2016-01-30,167.0,202.14395315571886,140.1078441902859
2016-01-31,130.0,202.13026781570494,137.04300671969224
2016-02-01,157.0,202.10218517298907,138.9749319526306
2016-02-02,124.0,202.08462885334214,132.50373725701368
2016-02-03,143.0,202.0542398170108,140.59162640388453
2016-02-04,130.0,202.03126151358006,137.41901837740403
2016-02-05,149.0,202.00323923716942,140.66812977739852
2016-02-06,142.0,201.98262343038715,131.2039301100321
2016-02-07,130.0,201.9592975025511,131.33615731207766
2016-02-08,133.0,201.93131954862318,130.89785052398565
2016-02-09,130.0,201.9045240891291,127.35630340291551
2016-02-10,101.0,201.8765782966343,129.5347736920879
2016-02-11,137.0,201.8373800925167,127.94424952181664
2016-02-12,147.0,201.8121907451614,129.11973914940432
2016-02-13,136.0,201.79090032343092,132.275556328463
2016-02-14,89.0,201.76535045922765,134.0440443103136
2016-02-15,108.0,201.7215665918391,128.2269388292996
2016-02-16,148.0,201.6851839961124,127.60735704889717
2016-02-17,123.0,201.6643475187221,128.15232335457557
2016-02-18,174.0,201.63382196671643,131.31368773780395
2016-02-19,181.0,201.6231007942754,133.6268288782859
2016-02-20,126.0,201.61510114307512,137.40127695928038
2016-02-21,137.0,201.58577591478618,133.86873281690006
2016-02-22,135.0,201.5607329617366,132.75589111690792
2016-02-23,143.0,201.5349292273068,138.31146810477506
2016-02-24,129.0,201.51224127024196,133.51550700034318
2016-02-25,145.0,201.4841411961206,135.61346506687232
2016-02-26,162.0,201.46225660053898,135.2213324651896
2016-02-27,152.0,201.44697003977953,133.43577422201568
2016-02-28,121.0,201.42781939297868,132.69298039247573
2016-02-29,151.0,201.39667599727957,138.6712063395643
2016-03-01,167.0,201.37716508903438,134.2166590440106
2016-03-02,138.0,201.36385865780196,140.58860744933116
2016-03-03,139.0,201.33933704067428,142.29574317753017
2016-03-04,144.0,201.31521657751287,144.57346930911254
2016-03-05,162.0,201.29304434672855,138.06301904707092
2016-03-06,141.0,201.2778468822742,137.5332064770266
2016-03-07,165.0,201.25453758340242,144.19913085231136
2016-03-08,158.0,201.24052075077793,145.4427064079511
2016-03-09,124.0,201.22380620854727,145.57104097790625
2016-03-10,149.0,201.19396125928787,144.4697575236008
2016-03-11,163.0,201.17379357719386,145.35602480354308
2016-03-12,164.0,201.15904611975628,142.97821556396642
2016-03-13,135.0,201.14469345613338,141.77386396141898
2016-03-14,140.0,201.11915003328875,145.82484168584816
2016-03-15,156.0,201.09555190586278,145.01756878518782
2016-03-16,142.0,201.0781438564878,144.10620082613838
2016-03-17,169.0,201.05534256592182,147.4044000012437
2016-03-18,158.0,201.0429731495352,148.55412814021338
2016-03-19,146.0,201.02636706421518,141.3950466734652
2016-03-20,134.0,201.00514185030417,140.2202566319088
2016-03-21,126.0,200.97930107057016,147.57859573432685
2016-03-22,147.0,200.9503906016785,146.49685631340105
2016-03-23,154.0,200.92959245572564,139.74193065909594
2016-03-24,130.0,200.91150434917114,143.67446939175554
2016-03-25,167.0,200.8841781432562,146.5259851259349
2016-03-26,148.0,200.87112317190454,138.6643458564247
2016-03-27,125.0,200.850756791638,135.04852620417756
2016-03-28,149.0,200.82154409886252,143.68781720956446
2016-03-29,150.0,200.80158971145437,140.78563816925742
2016-03-30,179.0,200.7820318328359,146.4440658175639
2016-03-31,164.0,200.77364767893565,143.30667894919935
2016-04-01,178.0,200.75949580374655,151.49419466610541
2016-04-02,145.0,200.75073878342963,143.52034922526198
2016-04-03,168.0,200.72929206722134,137.3323971224199
2016-04-04,152.0,200.71670387796468,149.40983596934493
2016-04-05,147.0,200.69797028677917,147.15051132624401
2016-04-06,148.0,200.677325161717,157.6017391178724
2016-04-07,149.0,200.65707633405532,152.82863710132472
2016-04-08,150.0,200.63722349918444,156.3675595626097
2016-04-09,160.0,200.61776635278707,150.46187425452356
2016-04-10,144.0,200.6021621398202,145.9297544183857
2016-04-11,135.0,200.58042134391476,153.1684739332786
2016-04-12,155.0,200.5552368503111,151.29538840780003
2016-04-13,122.0,200.53774587820502,149.59168144993046
2016-04-14,150.0,200.50759703141875,148.23269910135002
2016-04-15,197.0,200.48821203927469,147.7360972709931
2016-04-16,154.0,200.48687350817747,147.13416132787046
2016-04-17,138.0,200.4690385288918,147.18691926616174
2016-04-18,167.0,200.4450764887963,149.8799911426924
2016-04-19,170.0,200.43224999733366,150.73114650278927
2016-04-20,149.0,200.42058118981933,148.3501765291502
2016-04-21,153.0,200.40086848857734,150.09547250601128
2016-04-22,164.0,200.3827002752816,160.5900791485676
2016-04-23,134.0,200.36875787241698,150.28565639150747
2016-04-24,151.0,200.34332922955397,143.91336641459958
2016-04-25,160.0,200.32442736047543,148.6591744880909
2016-04-26,138.0,200.3089833055691,148.5459520590379
2016-04-27,132.0,200.28512384422288,149.97123103579082
2016-04-28,156.0,200.2589809943591,144.98578992425044
2016-04-29,157.0,200.24203975761483,157.31795513956354
2016-04-30,143.0,200.22549094791043,143.60023815733564
2016-05-01,161.0,200.2035948350549,149.72656817145088
2016-05-02,173.0,200.1885972853858,148.94599007604444
2016-05-03,155.0,200.17819812788517,151.26593143184763
2016-05-04,121.0,200.16092157028368,150.48785599083888
2016-05-05,175.0,200.1306554943631,155.64993729267235
2016-05-06,177.0,200.1210489746787,155.17337496252452
2016-05-07,167.0,200.112212342164,147.0531414796703
2016-05-08,123.0,200.09955960531184,153.73097617495776
2016-05-09,146.0,200.0701041861694,154.4425620003798
2016-05-10,134.0,200.04945097601427,149.67757783787903
2016-05-11,174.0,200.0242268205909,149.79128063793596
2016-05-12,160.0,200.01429011695575,156.94528668879346
2016-05-13,185.0,199.99901457195978,159.75649636540297
2016-05-14,161.0,199.99328975723762,153.14407483189558
2016-05-15,157.0,199.97840966192862,146.30763553492062
2016-05-16,163.0,199.96201194744486,152.52843339335746
2016-05-17,143.0,199.9479123815675,151.4098356982448
2016-05-18,175.0,199.92619311673855,152.3636638473064
2016-05-19,156.0,199.9166883719848,158.2350848826086
2016-05-20,168.0,199.8999454484728,171.00515343656514
2016-05-21,165.0,199.88778614012574,154.75961437776274
2016-05-22,171.0,199.87449048991988,147.97929925066458
2016-05-23,174.0,199.8634885884187,155.14879819341357
2016-05-24,167.0,199.85363583086118,151.3169272469226
2016-05-25,149.0,199.8411225435518,155.66049599526184
2016-05-26,170.0,199.82176187236234,160.81419250844468
2016-05-27,184.0,199.81040768927744,163.35425295476318
2016-05-28,188.0,199.8043892622926,158.79018347787112
2016-05-29,141.0,199.7998966307941,151.23816367430948
2016-05-30,168.0,199.77752224090415,163.4714603573264
2016-05-31,153.0,199.76543263761678,158.26616030454804
2016-06-01,178.0,199.74764434068348,155.84509856782978
2016-06-02,178.0,199.7393737020295,158.08975844509374
2016-06-03,176.0,199.73110778046978,168.8751457083912
2016-06-04,162.0,199.72208626069005,158.54354668960428
2016-06-05,167.0,199.7077487136507,152.84588040560712
2016-06-06,168.0,199.69531939625995,162.386316694162
2016-06-07,148.0,199.6832771016565,160.13454911024016
2016-06-08,174.0,199.6636443278287,162.25074773259422
2016-06-09,146.0,199.65389740632176,160.85779909452071
2016-06-10,192.0,199.63352379804144,172.7306415289904
2016-06-11,194.0,199.63062572522517,161.40070705021253
2016-06-12,191.0,199.62848845981418,159.88417442016268
2016-06-13,175.0,199.62521389113869,168.47450528653127
2016-06-14,170.0,199.6158702319123,163.70471078812525
2016-06-15,168.0,199.60463507628563,164.51152900035532
2016-06-16,193.0,199.5926477312918,159.57357120802132
2016-06-17,182.0,199.59014767526932,173.8132166404137
2016-06-18,184.0,199.58347842496585,169.07511970442846
2016-06-19,171.0,199.57757111699587,160.37905882529176
2016-06-20,170.0,199.56674012547913,166.8608717721882
2016-06-21,188.0,199.55553635885326,166.552783010348
2016-06-22,160.0,199.55115843259497,166.33209330122534
2016-06-23,182.0,199.53617693318867,167.56019737593482
2016-06-24,194.0,199.52953569973548,175.98141880434142
2016-06-25,190.0,199.5274419717159,166.7340468751424
2016-06-26,166.0,199.52383514151646,164.83906655686116
2016-06-27,167.0,199.51114633184898,164.5620213281429
2016-06-28,183.0,199.49884315442915,168.18501770521394
2016-06-29,180.0,199.49260068634197,168.72247536363096
2016-06-30,204.0,199.4852269013273,170.18418730996535
2016-07-01,181.0,199.48693445544933,176.9732145072711
2016-07-02,152.0,199.47994374474584,181.2187133046909
2016-07-03,163.0,199.4619929153527,168.4783437234481
2016-07-04,142.0,199.4482102682481,167.10348784542285
2016-07-05,167.0,199.42649892649888,172.73516628322707
2016-07-06,172.0,199.41424632913393,167.40441010841167
2016-07-07,193.0,199.40388960592685,175.47723784405505
2016-07-08,199.0,199.40147076188305,172.87754576279826
2016-07-09,174.0,199.40131914905754,167.96201862393121
2016-07-10,163.0,199.39172831683214,182.21498343754575
2016-07-11,155.0,199.37799040504777,180.6855639891705
2016-07-12,184.0,199.36124083327758,171.19182361926988
2016-07-13,170.0,199.35544413862354,170.18251525169575
2016-07-14,182.0,199.34436870223843,177.94891964896175
2016-07-15,225.0,199.3378261263417,181.19621457592547
2016-07-16,179.0,199.34750448722184,171.5563834040552
2016-07-17,133.0,199.33983197421765,167.28019141996833
2016-07-18,192.0,199.31482166998606,169.4946321798631
2016-07-19,193.0,199.3120644812676,171.0900563156779
2016-07-20,192.0,199.30968571191346,167.15590671109885
2016-07-21,196.0,199.30693149725184,184.60017233615514
2016-07-22,181.0,199.30568571405453,202.6404608446795
2016-07-23,197.0,199.2987909171754,178.25436490116573
2016-07-24,180.0,199.2979252455817,163.3803463656697
2016-07-25,198.0,199.2906594604742,174.61215051955168
2016-07-26,228.0,199.29017361087492,179.54877683093062
2016-07-27,195.0,199.30097896518018,177.49667030013475
2016-07-28,167.0,199.29936053471346,184.9250786350212
2016-07-29,203.0,199.28720878131443,188.2065011753376
2016-07-30,238.0,199.2886053550284,188.4381391849343
2016-07-31,237.0,199.30316398407882,170.31011958864795
2016-08-01,199.0,199.3173383913042,184.00879372996937
2016-08-02,186.0,199.3172190911571,182.81023281873595
2016-08-03,185.0,199.3122135587041,178.3644853504762
2016-08-04,165.0,199.30683504928706,179.98641409675503
2016-08-05,203.0,199.2939450116958,186.6267589824281
2016-08-06,190.0,199.29533721867858,192.33687773092268
2016-08-07,194.0,199.29184601221155,181.97575352455144
2016-08-08,195.0,199.28985883759185,188.7231571134115
2016-08-09,152.0,199.28824822792873,186.33498799768395
2016-08-10,169.0,199.27049738399936,186.5363327772164
2016-08-11,188.0,199.2591367169384,177.90163519405908
2016-08-12,205.0,199.254911900159,191.9924408619374
2016-08-13,192.0,199.2570672511625,183.35632234916298
2016-08-14,190.0,199.25434517042314,182.7866713623745
2016-08-15,199.0,199.250874574072,183.22437968850772
2016-08-16,211.0,199.250780507865,181.77989249522886
2016-08-17,213.0,199.25518508874296,186.40421031258478
2016-08-18,198.0,199.26033681846988,185.6039101293167
2016-08-19,189.0,199.25986451687032,198.38114118377072
2016-08-20,210.0,199.2560204312514,188.53253770663298
2016-08-21,170.0,199.26004514732884,189.51569196823806
2016-08-22,183.0,199.24908632892158,184.91064133452804
2016-08-23,169.0,199.24300166824798,187.81451643124407
2016-08-24,195.0,199.23167894205244,182.52513614278587
2016-08-25,189.0,199.23009493346473,190.34842098849575
2016-08-26,194.0,199.22626630512136,192.30490397607804
2016-08-27,207.0,199.22431073307084,184.36565180965718
2016-08-28,186.0,199.2272197077311,180.1640267931579
2016-08-29,205.0,199.2222721783846,181.20737339648508
2016-08-30,187.0,199.22443288437626,184.3827373623778
2016-08-31,213.0,199.21986214858106,188.89800453571314
2016-09-01,228.0,199.22501360198345,190.9709342680161
2016-09-02,196.0,199.2357685959651,192.43079958388546
2016-09-03,184.0,199.23455941487543,193.67492254736806
2016-09-04,177.0,199.22886744423658,179.9491742042097
2016-09-05,178.0,199.22056379558353,190.31351079488454
2016-09-06,181.0,199.21263828156094,189.40810785274184
2016-09-07,173.0,199.20583744575745,188.01798787960095
2016-09-08,204.0,199.19605367221047,182.76931110578255
2016-09-09,185.0,199.1978468585963,181.81394677997068
2016-09-10,177.0,199.19254816598257,184.2169999381064
2016-09-11,187.0,199.1842673644281,178.9538672243111
2016-09-12,183.0,199.17972184405338,188.43654658389784
2016-09-13,187.0,199.17368688626,186.20394375072277
2016-09-14,215.0,199.16914700675736,187.45628023162612
2016-09-15,217.0,199.17504963650882,200.12028447426303
2016-09-16,173.0,199.18169453878784,184.8017130436259
2016-09-17,187.0,199.17193617332427,192.43631029689882
2016-09-18,178.0,199.16740032977162,179.4012700114165
2016-09-19,189.0,199.15951381698113,186.49000429081028
2016-09-20,208.0,199.15572930820218,180.46757023498063
2016-09-21,176.0,199.15902326376715,192.9361510610407
2016-09-22,215.0,199.15039953512678,197.93240091108467
2016-09-23,205.0,199.15630035436166,181.02421080462207
2016-09-24,163.0,199.15847556360995,183.145573444578
2016-09-25,197.0,199.14501874352675,179.2742362077977
2016-09-26,203.0,199.14422059701752,186.1151107048541
2016-09-27,185.0,199.1456550387597,188.69597339178054
2016-09-28,175.0,199.14039349699334,189.86437220936753
2016-09-29,169.0,199.1314160356706,194.89854183996428
2016-09-30,180.0,199.12021268336136,189.48459784395706
2016-10-01,213.0,199.11310479760544,174.7714450789756
2016-10-02,162.0,199.11826625280057,182.31510782908748
2016-10-03,201.0,199.10447276850002,185.9135041820156
2016-10-04,156.0,199.105177032751,186.74800250545738
2016-10-05,191.0,199.0891647084446,181.1274396112192
2016-10-06,180.0,199.086160376148,180.70827519681245
2016-10-07,197.0,199.07907305331992,189.72682455238515
2016-10-08,153.0,199.07830116802074,185.75260721856222
2016-10-09,151.0,199.06119712155896,177.93938031909178
2016-10-10,192.0,199.0433603440041,183.8773290999499
2016-10-11,173.0,199.04074685222525,175.46883063036665
2016-10-12,194.0,199.03108602979816,177.38643210606756
2016-10-13,174.0,199.0292198999651,181.70397798118353
2016-10-14,210.0,199.01993778615093,182.34998010001976
2016-10-15,191.0,199.02400899943012,180.20569472201407
2016-10-16,178.0,199.0210343899771,164.03828865946497
2016-10-17,191.0,199.01324305032182,184.15241473531563
2016-10-18,192.0,199.01027353279343,177.31325843070715
2016-10-19,155.0,199.0076761732037,186.88339508968716
2016-10-20,165.0,198.99137401496208,184.74781622302729
2016-10-21,193.0,198.97878461717877,185.72354415082833
2016-10-22,183.0,198.97657066249735,176.96580451254334
2016-10-23,174.0,198.97065560486593,173.46435382057064
2016-10-24,202.0,198.9614123490433,181.4159254013406
2016-10-25,189.0,198.9625369188623,176.80480736256143
2016-10-26,181.0,198.95885050372115,175.8673117363942
2016-10-27,206.0,198.95220645987962,173.8687781805933
2016-10-28,224.0,198.95481337444969,188.35819987499184
2016-10-29,147.0,198.96407564760997,182.3747968344551
2016-10-30,167.0,198.9448617168843,176.1663012444451
2016-10-31,188.0,198.93305215617568,187.25656883714856
2016-11-01,181.0,198.9290111093613,179.6731498137411
2016-11-02,198.0,198.92238545854485,178.22103947826602
2016-11-03,161.0,198.92204465475456,183.47470688055316
2016-11-04,196.0,198.90803577235528,193.18246965932974
2016-11-05,201.0,198.90696170558803,174.68729993071935
2016-11-06,165.0,198.9077346148548,172.12924511638937
2016-11-07,174.0,198.89521560632062,181.33816311167325
2016-11-08,137.0,198.88602578882106,176.95008812174035
2016-11-09,192.0,198.8631854028499,171.38945958070664
2016-11-10,181.0,198.86065286211084,172.5258881558596
2016-11-11,191.0,198.8540634310604,186.21140696990054
2016-11-12,178.0,198.85116632171662,171.7197593728102
2016-11-13,149.0,198.8434764208051,161.96615769399386
2016-11-14,163.0,198.82509755781803,182.06224281231383
2016-11-15,154.0,198.81189014858012,165.4389296277671
2016-11-17,201.0,198.7953726807775,160.26975745191203
2016-11-18,190.0,198.7961851470827,182.5636994613246
2016-11-19,171.0,198.79294410612945,161.39852076099086
2016-11-20,143.0,198.78270540872435,152.7299830780693
2016-11-21,187.0,198.76215929255173,172.65611354785653
2016-11-22,178.0,198.75782780321552,158.33066476667824
2016-11-23,172.0,198.75018500947348,183.94771944922124
2016-11-24,98.0,198.7403377114763,175.24852452446768
2016-11-25,184.0,198.70325992799764,184.52329453532613
2016-11-26,185.0,198.69784934476746,157.66679804684293
2016-11-27,151.0,198.6928096650968,149.18398445669706
2016-11-28,195.0,198.6752658690089,167.9997247145201
2016-11-29,174.0,198.6739141713741,157.6081600211889
2016-11-30,181.0,198.66484121157583,171.74248148674766
2016-12-01,198.0,198.6583467846598,200.09770505783177
2016-12-02,203.0,198.65810478988504,181.0987143360834
2016-12-03,195.0,198.65970048823502,171.95176198193187
2016-12-04,143.0,198.65835575169697,157.25347993767983
2016-12-05,156.0,198.63790815590286,183.19097048966714
2016-12-06,171.0,198.62224684895847,175.40762337172893
2016-12-07,160.0,198.6121027994363,179.38394705330649
2016-12-08,169.0,198.5979254163632,174.44166207852066
2016-12-09,149.0,198.58705980497692,183.2140875048627
2016-12-10,143.0,198.56885937928232,171.78827365811145
2016-12-11,119.0,198.54846713730825,155.9680335309751
2016-12-12,137.0,198.51928039464184,166.14766567259568
2016-12-13,140.0,198.49671279361667,162.4250743322169
2016-12-14,165.0,198.47525792004484,165.53868664724237
2016-12-15,145.0,198.4629824312586,154.2267336429439
2016-12-16,172.0,198.44338097115548,163.325761251449
2016-12-17,176.0,198.4336876496851,154.739864330553
2016-12-18,96.0,198.42546566410707,144.08960707426147
2016-12-19,145.0,198.38793343044486,157.06723892327747
2016-12-20,188.0,198.3683738285286,154.830812886636
2016-12-21,181.0,198.3645758893973,155.37286206537328
2016-12-22,176.0,198.3582164036293,140.49546594919056
2016-12-23,186.0,198.3500295796075,153.40082939245036
2016-12-24,147.0,198.34550824349924,157.24886916907042
2016-12-25,77.0,198.32671413360055,150.68659975477502
2016-12-26,155.0,198.28231277435674,150.5503705394525
2016-12-27,148.0,198.2664758505461,149.49456382525523
2016-12-28,171.0,198.24808679773815,151.23115481062487
2016-12-29,139.0,198.2381204163198,145.76040214520813
2016-12-30,167.0,198.2164571797441,160.26877902766327
2016-12-31,153.0,198.20504348424873,147.49661792383884
2017-01-01,179.0,198.18851815305368,148.98740970725976
2017-01-02,120.0,198.18150480577546,145.72601578644895
2017-01-03,147.0,198.15293491547553,154.3592532189585
2017-01-04,158.0,198.1342454982613,155.80132350718506
2017-01-05,131.0,198.1195845866637,156.77481658306286
2017-01-06,120.0,198.0950704944115,164.15427059261702
2017-01-07,120.0,198.06655303211664,148.27558961605015
2017-01-08,104.0,198.03805118727104,142.46967493960636
2017-01-09,156.0,198.00372446663323,133.80041627632926
2017-01-10,151.0,197.9883946401856,134.68486976266718
2017-01-11,146.0,197.97124871986435,147.03026671191458
2017-01-12,150.0,197.952288030802,143.0968680271007
2017-01-13,188.0,197.93479677126135,156.11045917175133
2017-01-14,133.0,197.93117357769054,142.08111553681852
2017-01-15,145.0,197.90749767119,141.76915235643048
2017-01-16,162.0,197.8882094839238,145.34406613743297
2017-01-17,184.0,197.87512830678364,144.19234163275453
2017-01-18,166.0,197.87007177314413,151.69972060153515
2017-01-19,168.0,197.8584594314523,152.98300853552547
2017-01-20,184.0,197.84758203275237,166.6484126379839
2017-01-21,191.0,197.84253829498772,151.28275229027923
2017-01-22,168.0,197.84004647477838,149.7419009029938
2017-01-23,196.0,197.82918172091894,159.82169602002728
2017-01-24,180.0,197.82851583751133,154.93595028381696
2017-01-25,187.0,197.82202684175607,163.97971968081652
2017-01-26,168.0,197.81808869516155,158.71980661336804
2017-01-27,175.0,197.80723983625842,171.9477056028353
2017-01-28,168.0,197.79894327756935,159.55131135949063
2017-01-29,125.0,197.78810532765937,154.3169943940467
2017-01-30,170.0,197.76163692572206,164.55894519323067
2017-01-31,166.0,197.75154362016823,156.65930964006245
2017-02-01,176.0,197.74000180133135,155.68130761879797
2017-02-02,163.0,197.73210065584664,148.97561185142695
2017-02-03,150.0,197.7194799797362,164.34053157195004
2017-02-04,155.0,197.70214320226856,154.19583509847632
2017-02-05,165.0,197.6866320714286,146.46479832087962
2017-02-06,169.0,197.6747611318712,153.20451116027385
2017-02-07,159.0,197.66434909079203,157.4562096494648
2017-02-08,153.0,197.65031229678564,155.07251594308192
2017-02-09,158.0,197.63410528687754,156.55986262485308
2017-02-10,141.0,197.6197216522243,161.3578457374694
2017-02-11,179.0,197.59917748616766,152.50322697536595
2017-02-12,148.0,197.59243009727373,142.1170277462754
2017-02-13,169.0,197.57444227351698,153.82485846579158
2017-02-14,155.0,197.56407982844956,154.77872343622096
2017-02-15,150.0,197.5486468770977,155.25579825388937
2017-02-16,182.0,197.53140973847994,160.93229130796172
2017-02-17,191.0,197.52578037648695,162.96829297374194
2017-02-18,170.0,197.52341553489376,157.43223779380872
2017-02-19,166.0,197.51344328288832,152.41915530661115
2017-02-20,149.0,197.5020274367435,165.04513747574347
2017-02-21,164.0,197.4844606031916,161.5525532142402
2017-02-22,144.0,197.4723351421729,156.73288008821422
2017-02-23,122.0,197.45297513669055,158.83014754958828
2017-02-24,155.0,197.42566184252345,160.81759645054956
2017-02-25,122.0,197.4103069160513,153.4968185409143
2017-02-26,126.0,197.38301894539237,142.08486438256367
2017-02-27,143.0,197.35719296169285,148.63909421828572
2017-02-28,151.0,197.33753038511057,153.3481238777652
2017-03-01,141.0,197.32077178460963,145.35951689738664
2017-03-02,136.0,197.3004062912867,142.25300085384814
2017-03-03,163.0,197.27824417766,150.8360921162931
2017-03-04,138.0,197.26585370443482,144.68605767821643
2017-03-05,144.0,197.24443489210938,146.26044492785007
2017-03-06,166.0,197.22519571057654,150.7823784227002
2017-03-07,156.0,197.21391493177939,152.05649872458736
2017-03-08,143.0,197.1990282007222,146.01427430956593
2017-03-09,154.0,197.17945469830227,150.05598892901347
2017-03-10,157.0,197.16386363323704,156.95546604465568
2017-03-11,133.0,197.1493640434777,151.76754514385496
2017-03-12,99.0,197.12620960780058,149.51101072565285
2017-03-13,123.0,197.0907977674513,147.5983439649831
2017-03-14,98.0,197.06406466344,146.05229123934294
2017-03-15,136.0,197.02832726637527,135.72991937197116
2017-03-16,149.0,197.00631524572012,140.08429903621703
2017-03-17,152.0,196.98900319550526,152.2083013802973
2017-03-18,137.0,196.97278217398176,153.15809255210263
2017-03-19,101.0,196.95116256973736,137.0371340008073
2017-03-20,135.0,196.91657934300468,140.15396296914523
2017-03-21,141.0,196.89426706216034,137.38320090808205
2017-03-22,144.0,196.87412861248927,148.05477369794673
2017-03-23,130.0,196.85508173618794,144.44414134898238
2017-03-24,161.0,196.8310028304663,152.74648616287735
2017-03-25,152.0,196.81810005667063,140.9940878375419
2017-03-26,157.0,196.8019639270373,141.14746223093397
2017-03-27,150.0,196.78763636622844,148.0920045819814
2017-03-28,151.0,196.770797195321,144.37034563073848
2017-03-29,168.0,196.75432695523634,154.44974193855893
2017-03-30,166.0,196.74398181152154,151.6913945831637
2017-03-31,180.0,196.7329228252584,165.85848644284414
2017-04-01,187.0,196.72690487063682,151.8635020221207
2017-04-02,144.0,196.72340724213248,153.9298919271601
2017-04-03,158.0,196.70445221526128,154.41587257143303
2017-04-04,133.0,196.69053975939673,153.30533392589703
2017-04-05,151.0,196.6676500775425,155.85074390930194
2017-04-06,165.0,196.65124057338247,152.71206729448724
2017-04-07,162.0,196.63986955108194,170.761129422348
2017-04-08,157.0,196.62742706920295,154.61237840196122
2017-04-09,155.0,196.61319563552755,147.03336522269214
2017-04-10,127.0,196.59825373404263,151.67363790969998
2017-04-11,176.0,196.57326782352962,147.91157564072594
2017-04-12,173.0,196.56588330528714,145.3190700651791
2017-04-13,158.0,196.55742614278745,150.82202386598738
2017-04-14,165.0,196.54359140071972,167.47108391953256
2017-04-15,164.0,196.53227531411852,155.95609474781318
2017-04-16,116.0,196.5206066357419,152.39853572090098
2017-04-17,159.0,196.4917306785478,154.5276349507473
2017-04-18,156.0,196.47828796407003,152.40728025181096
2017-04-19,179.0,196.46377701660123,155.3140657938646
2017-04-20,187.0,196.45751759831575,154.36218613141696
2017-04-21,192.0,196.4541284144425,162.77104102065135
2017-04-22,140.0,196.45253252464872,158.3252052972293
2017-04-23,155.0,196.4323095146095,151.46207004525755
2017-04-24,158.0,196.41746986220454,157.12921046152766
2017-04-25,179.0,196.40371248714195,154.74392468126308
2017-04-27,174.0,196.39748129756546,163.08847875066976
2017-04-28,176.0,196.38946358455397,161.5869789602575
2017-04-29,140.0,196.3821659955831,157.41170566094746
2017-04-30,129.0,196.36198987606417,152.3127511891928
2017-05-01,181.0,196.33788898523196,157.35206781071415
2017-05-02,153.0,196.3324023499305,157.09029331434527
2017-05-03,163.0,196.31690435195128,157.27153276187113
2017-05-04,187.0,196.30499056530655,165.58062441616417
2017-05-05,158.0,196.30166378998825,173.14954926332064
2017-05-06,175.0,196.2879723998935,154.57074000385802
2017-05-07,141.0,196.28036411812084,145.5672489948654
2017-05-08,171.0,196.2606105486665,161.7596948254407
2017-05-09,169.0,196.25158567887416,159.52590271135364
2017-05-10,159.0,196.24185123140896,170.26120868447958
2017-05-11,174.0,196.22855057025487,172.9822703859573
2017-05-12,212.0,196.22061321957813,168.78663313649113
2017-05-13,157.0,196.2262467028985,161.62622699084625
2017-05-14,148.0,196.21224483007936,151.04696770912454
2017-05-15,198.0,196.19503846147478,168.22393958944357
2017-05-16,172.0,196.19568251554742,164.85754813451987
2017-05-17,187.0,196.18705044900602,174.3204073243828
2017-05-18,181.0,196.18377345580143,178.5105574890237
2017-05-19,192.0,196.1783584153393,181.25454500032637
2017-05-20,159.0,196.1768685389209,167.93543129421047
2017-05-21,154.0,196.16361475334554,156.46989865033052
2017-05-22,183.0,196.14858584058368,179.22655980945825
2017-05-23,166.0,196.14389995824564,170.5914902280226
2017-05-24,206.0,196.13315921356073,170.76966790339102
2017-05-25,172.0,196.1366742975602,178.00095794943775
2017-05-26,180.0,196.12807708498752,185.61701964067203
2017-05-27,171.0,196.12233346779203,172.5258565381382
2017-05-28,131.0,196.1133883606289,158.75416240709407
2017-05-29,148.0,196.0902080870936,182.39838591174558
2017-05-30,189.0,196.07309108830836,164.60184048631078
2017-05-31,158.0,196.07057397404208,169.39439348277554
2017-06-01,186.0,196.05702813736747,169.96396397477696
2017-06-02,207.0,196.0534503970126,173.7776925716085
2017-06-03,189.0,196.05734388789045,165.81278630037252
2017-06-04,164.0,196.05483416389046,151.50456324914586
2017-06-05,179.0,196.0434368895211,175.2615854307344
2017-06-06,196.0,196.03737807797134,173.00826660068532
2017-06-07,189.0,196.0373647927117,177.22151071694245
2017-06-08,188.0,196.03486395234472,181.00201249411947
2017-06-09,186.0,196.03200914191575,187.9861439154847
2017-06-10,207.0,196.0284453731264,176.28852763141205
2017-06-11,197.0,196.03234221369715,164.63387041086986
2017-06-12,179.0,196.03268584217238,180.31165164486148
2017-06-13,204.0,196.0266383769346,184.33525791203525
2017-06-14,205.0,196.02946882124525,178.95685416222787
2017-06-15,196.0,196.03265268324304,180.03486704087916
2017-06-16,193.0,196.03264109605948,195.3800889551869
2017-06-17,198.0,196.0315651190874,191.75708269707982
2017-06-18,178.0,196.0322633932558,176.81017386269988
2017-06-19,173.0,196.02586783964938,177.8807564276166
2017-06-20,184.0,196.01770263828777,191.00500578889967
2017-06-21,191.0,196.0134417970759,186.3939489972279
2017-06-22,219.0,196.01166461104356,190.13088379111343
2017-06-23,205.0,196.01981216921791,188.71742357021554
2017-06-24,190.0,196.0229943761034,189.92840527861864
2017-06-25,177.0,196.02086045426952,177.34740353586122
2017-06-26,191.0,196.01412263618445,176.3369550980016
2017-06-27,194.0,196.0123467825856,190.09621456757333
2017-06-28,158.0,196.011634195198,191.09817331972243
2017-06-29,196.0,195.99817636754884,195.70883797673238
2017-06-30,200.0,195.99817701308245,188.28106970448624
2017-07-01,199.0,195.99959333691427,184.1766307188601
2017-07-02,162.0,196.00065505194016,180.19957304468937
2017-07-03,214.0,195.98862580904188,175.77095404223707
2017-07-04,165.0,195.99499700613808,188.89786752909222
2017-07-05,179.0,195.9840350266488,183.6958376550161
2017-07-06,196.0,195.97802935655446,191.5759740814599
2017-07-07,175.0,195.9780371241498,192.14849072868807
2017-07-08,176.0,195.97062176991716,186.05312743255553
2017-07-09,190.0,195.96356376611087,174.34297594483135
2017-07-10,192.0,195.96145649976245,181.4820506729832
2017-07-11,200.0,195.96005693908418,184.75572831614602
2017-07-12,192.0,195.96148397654827,181.710512662398
2017-07-13,211.0,195.96008490044852,196.8283414828035
2017-07-14,203.0,195.96539560493278,198.20757643561493
2017-07-15,217.0,195.9678791369346,189.2263476668065
2017-07-16,170.0,195.97530311182447,176.07917524154846
2017-07-17,239.0,195.96613589703293,191.75777724190837
2017-07-18,203.0,195.98132074675172,198.0739065353728
2017-07-19,208.0,195.9837969080688,187.10665112865334
2017-07-20,195.0,195.98803542767791,202.37289856791472
2017-07-21,214.0,195.9876869757549,196.94432285248666
2017-07-22,179.0,195.99403828500184,196.3789051135038
2017-07-23,181.0,195.9880470851834,188.44229074203272
2017-07-24,165.0,195.982764023116,200.19540959030178
2017-07-25,224.0,195.97184498733694,194.17592885124762
2017-07-26,178.0,195.98172101094954,189.46106829388685
2017-07-27,216.0,195.97538607312643,188.5101215503901
2017-07-28,243.0,195.98243947711617,194.10424208620174
2017-07-29,167.0,195.99899787138378,198.1297157225805
2017-07-30,176.0,195.98878695664035,194.56136964698905
2017-07-31,213.0,195.98174989029408,195.57030872105864
2017-08-01,234.0,195.98774012264525,192.55832259233912
2017-08-02,180.0,196.0011176555952,190.46150044278178
2017-08-03,229.0,195.99548742418932,201.35137200156328
2017-08-04,304.0,196.0070985104077,206.70493218403908
2017-08-05,309.0,196.04508405437167,193.17872225710994
2017-08-06,225.0,196.08480795658576,207.05661522133502
2017-08-07,178.0,196.09497504239567,201.7845601503639
2017-08-08,196.0,196.08861365197816,185.0371850454946
2017-08-09,211.0,196.08858250482461,194.1476060737511
2017-08-10,197.0,196.09382285537643,199.77576204668404
2017-08-11,209.0,196.09414125915177,209.2421195099664
2017-08-12,206.0,196.09867519863565,195.7776933585973
2017-08-13,164.0,196.10215300854128,188.4454776446934
2017-08-14,232.0,196.0908792059044,193.0825954332443
2017-08-15,235.0,196.10348774550906,203.92013567807197
2017-08-16,219.0,196.11714283143306,198.83775743149153
2017-08-17,194.0,196.1251747223311,206.63903474947665
2017-08-18,212.0,196.12442891614677,213.08576543289837
2017-08-19,222.0,196.1299992919657,202.32046381400954
2017-08-20,172.0,196.13907489298592,184.94630980565069
2017-08-21,191.0,196.1306080129813,198.25807320928948
2017-08-22,204.0,196.12880874662568,202.17882546480524
2017-08-23,185.0,196.13156863135688,201.76638302637744
2017-08-24,226.0,196.12766624095153,200.90143131708592
2017-08-25,184.0,196.13813673999078,208.53585762488066
2017-08-26,195.0,196.13388296857323,206.13587596362834
2017-08-27,176.0,196.13348567250858,183.1592132003978
2017-08-28,179.0,196.1264324282723,201.76603361018476
2017-08-29,170.0,196.12043367785955,197.85664190588068
2017-08-30,210.0,196.11128626631069,194.0439578546576
2017-08-31,142.0,196.11614926131543,198.42193781129941
2017-09-01,173.0,196.09720434646815,196.2850760967081
2017-09-02,178.0,196.0891199207256,190.53097252883532
2017-09-03,160.0,196.08278952005344,184.54350740085678
2017-09-04,135.0,196.070164331278,190.73516896340024
2017-09-05,152.0,196.04879992185658,185.00426804971815
2017-09-06,159.0,196.0333928564764,189.49603256297183
2017-09-07,187.0,196.02044185355408,173.8911423622816
2017-09-08,165.0,196.01728785290595,176.93482863606408
2017-09-09,185.0,196.00644454304654,178.73381099267354
2017-09-10,171.0,196.00259748099026,170.1140370252984
2017-09-11,164.0,195.99385989668798,173.5721386790535
2017-09-12,192.0,195.9826810497639,180.19643903966835
2017-09-13,177.0,195.9812897201395,178.55061218218754
2017-09-14,203.0,195.97465985995083,184.71462839134736
2017-09-15,229.0,195.97711327016214,181.46968833721942
2017-09-16,193.0,195.9886436077075,183.72930711040726
2017-09-17,204.0,195.98760026904185,176.2012597408216
2017-09-18,190.0,195.99039691816256,179.44011103581065
2017-09-19,185.0,195.98830639402436,187.51544696390928
2017-09-20,183.0,195.98447237225395,188.2201429118332
2017-09-21,189.0,195.97994264179093,193.1067287809017
2017-09-22,193.0,195.9775080611694,188.30289474910631
2017-09-23,182.0,195.97646969741663,192.25703769785918
2017-09-24,178.0,195.97159645135756,184.30291242026792
2017-09-25,207.0,195.96533129658974,182.3945052626335
2017-09-26,188.0,195.9691774690204,183.7027173486157
2017-09-27,175.0,195.96640026829934,186.66963883022382
2017-09-28,177.0,195.95909490235223,191.3845689842162
2017-09-29,202.0,195.95249009660324,198.43241911070297
2017-09-30,176.0,195.95459650896947,190.01086962843914
2017-10-01,170.0,195.94764731986658,183.33338114123111
2017-10-02,193.0,195.93861262372457,185.82305946881073
2017-10-03,205.0,195.9375896080157,182.06283298511556
2017-10-04,192.0,195.94074394508218,181.42266194222432
2017-10-05,163.0,195.93937253601828,183.9571391944145
2017-10-06,197.0,195.927911376472,202.48646957724486
2017-10-07,198.0,195.92828434172634,186.12934365940234
2017-10-08,156.0,195.929004938477,181.49285133219342
2017-10-09,196.0,195.91511900387835,194.5774788331753
2017-10-10,185.0,195.9151485174375,187.48297479491185
2017-10-11,156.0,195.91135392382807,184.35301337772674
2017-10-12,208.0,195.89748136424387,184.53352384209114
2017-10-13,177.0,195.9016872786264,188.7205027822568
2017-10-14,151.0,195.89511963189997,185.5040948397814
2017-10-15,161.0,195.87952292540984,179.77410050661013
2017-10-16,214.0,195.8674077732996,182.85790436433717
2017-10-17,157.0,195.8737049055193,181.6944220056397
2017-10-18,190.0,195.86020709131603,174.86342552285885
2017-10-19,198.0,195.85817265038864,183.71255883175192
2017-10-20,232.0,195.8589160823045,191.19429867630296
2017-10-21,187.0,195.87145853724732,178.75327963973803
2017-10-22,173.0,195.86838030735927,177.1401245306097
2017-10-23,182.0,195.86044678426916,198.31085505138526
2017-10-24,191.0,195.8556391371015,187.73432394133235
2017-10-25,181.0,195.85395519774409,186.20537492487753
2017-10-26,182.0,195.848804727842,188.19458547510047
2017-10-27,209.0,195.84400361682518,196.86443163779177
2017-10-28,174.0,195.8485637542197,182.87928364386946
2017-10-29,161.0,195.8409919074846,175.36434903095358
2017-10-30,155.0,195.82891949171622,189.13925982852152
2017-10-31,156.0,195.81477470755146,180.09292669469295
2017-11-01,162.0,195.8009836529246,181.7477171033624
2017-11-02,169.0,195.78927768456,178.48450879406528
2017-11-03,216.0,195.78000161887974,185.92763001302708
2017-11-04,181.0,195.7870017914195,171.2944800217401
2017-11-05,162.0,195.78188341073712,169.57166596883695
2017-11-06,186.0,195.7701921550144,179.3494279234429
2017-11-07,173.0,195.76681146568743,171.66734432424818
2017-11-08,194.0,195.7589350389565,180.74523221070578
2017-11-09,169.0,195.75832662144046,186.02788444841508
2017-11-10,171.0,195.74907248807665,194.31213262231637
2017-11-11,170.0,195.74051471750676,180.14923341044064
2017-11-12,140.0,195.7316156631533,165.48883379124632
2017-11-13,170.0,195.71235136461775,178.53492775773591
2017-11-14,171.0,195.70346511911416,166.08805262063294
2017-11-15,182.0,195.69492902197558,170.926078485275
2017-11-16,214.0,195.69019765938378,174.1505430759515
2017-11-17,179.0,195.6965222888624,187.57202368695184
2017-11-18,187.0,195.69075591956906,177.14877242999907
2017-11-19,148.0,195.6877549679394,155.5257421611553
2017-11-20,205.0,195.67129104424941,182.41727554410147
2017-11-21,163.0,195.6745111716073,178.06456853311886
2017-11-22,166.0,195.6632343774152,181.35026963539138
2017-11-23,120.0,195.6529986167605,175.53168115461432
2017-11-24,189.0,195.6268978754747,185.86581394046794
2017-11-25,184.0,195.62461195002615,169.89808995361378
2017-11-26,152.0,195.6206027719092,152.38055792150277
2017-11-27,202.0,195.60556118474648,176.86887696238477
2017-11-28,177.0,195.60776578354506,172.6463853531447
2017-11-29,195.0,195.6013515243987,175.20420178511546
2017-11-30,203.0,195.60114426900518,179.62802899533713
2017-12-01,223.0,195.60369384024258,182.6603832923263
2017-12-02,194.0,195.61313270541388,178.25605835128994
2017-12-03,158.0,195.612577027596,154.77548269352218
2017-12-04,203.0,195.5996228078517,185.15684644885206
2017-12-05,182.0,195.60217114710517,175.17590474429488
2017-12-06,171.0,195.5974880101979,184.9117481079309
2017-12-07,144.0,195.58902071656271,177.02381175765584
2017-12-08,175.0,195.57126507356958,188.39559665325854
2017-12-09,163.0,195.564186179876,176.4733762945834
2017-12-10,141.0,195.55298226238767,147.93829901021846
2017-12-11,190.0,195.53421618661798,173.80092332541585
2017-12-12,187.0,195.53231275886677,166.85828782757952
2017-12-13,176.0,195.5293786760749,175.2487768711354
2017-12-14,176.0,195.52266408825432,161.4807552032247
2017-12-15,174.0,195.51595296275133,182.55457914935462
2017-12-16,211.0,195.508557893852,176.57819720749703
2017-12-17,173.0,195.5138814134761,143.3958375149993
2017-12-18,205.0,195.50614601357452,181.55861690521203
2017-12-19,218.0,195.50940738560695,178.7328573096466
2017-12-20,175.0,195.51713212976438,175.2813320526398
2017-12-21,202.0,195.5100864113132,173.58292324975926
2017-12-22,206.0,195.51231470782437,183.1632226031171
2017-12-23,194.0,195.5159150117352,177.6118426941398
2017-12-24,134.0,195.5153947045405,151.22529074595417
2017-12-25,68.0,195.49428441123075,184.42874434335408
2017-12-26,124.0,195.45053958899325,181.28608334892127
2017-12-27,115.0,195.42602825465738,166.10303537656662
2017-12-28,161.0,195.39844258212966,152.74276740028702
2017-12-29,155.0,195.38664613405618,164.028296465401
2017-12-30,144.0,195.37279849265934,158.08204816651096
